asset	estimated_return
AAPL	0.015441867394390057
SPY	0.019666081243862463
TSLA	0.025312903945548
MSFT	0.023318011668595075
M	0.01475726901523102
MCD	0.010268005015755045
