	AAPL	SPY	TSLA	MSFT	M	MCD
AAPL	0.003626863929150198	0.0008325308776897234	0.0032553428457648232	0.00038907105264426867	0.002521896575456522	0.0005995491699466402
SPY	0.0008325308776897234	0.0012923767723162054	0.00242102022063834	0.0014876124988616602	0.0022820227992608705	0.00012306187936561276
TSLA	0.0032553428457648232	0.00242102022063834	0.026703405593316208	0.0022170842652747035	0.004953299675966404	0.0010636303893616604
MSFT	0.00038907105264426867	0.0014876124988616602	0.0022170842652747035	0.004043899928952569	0.0028323646298063243	-0.0003689372871798419
M	0.002521896575456522	0.0022820227992608705	0.004953299675966404	0.0028323646298063243	0.012836954735928857	0.0006547923094664033
MCD	0.0005995491699466402	0.00012306187936561276	0.0010636303893616604	-0.0003689372871798419	0.0006547923094664033	0.001818504479588933
