asset	estimated_return
AAPL	0.015442
SPY	0.019666
TSLA	0.025313
MSFT	0.023318
M	0.014757
MCD	0.010268
