asset	allocation
AAPL	0.09446209446209446
SPY	0.31338831338831336
TSLA	0.0
MSFT	0.11434411434411433
M	0.0
MCD	0.4778054778054777
