asset	allocation
AAPL	0.03265234235836619
SPY	0.5140815890383875
TSLA	2.4746371956499798e-17
MSFT	0.04496628085809181
M	0.0
MCD	0.40829978774515435
