asset	allocation
AAPL	0.094458
SPY	0.313399
TSLA	0.0
MSFT	0.114347
M	0.0
MCD	0.477795
